Open time,open_price,close_price,volume,Close time
2021-10-19,62005.60000000,64280.59000000,53628.10774400,2021-10-19 23:59:59.999
2021-10-20,64280.59000000,66001.41000000,51428.93485600,2021-10-20 23:59:59.999
2021-10-21,66001.40000000,62193.15000000,68538.64537000,2021-10-21 23:59:59.999
2021-10-22,62193.15000000,60688.22000000,52119.35886000,2021-10-22 23:59:59.999
2021-10-23,60688.23000000,61286.75000000,27626.93678000,2021-10-23 23:59:59.999
2021-10-24,61286.75000000,60852.22000000,31226.57676000,2021-10-24 23:59:59.999
2021-10-25,60852.22000000,63078.78000000,36853.83806000,2021-10-25 23:59:59.999
2021-10-26,63078.78000000,60328.81000000,40217.50083000,2021-10-26 23:59:59.999
2021-10-27,60328.81000000,58413.44000000,62124.49016000,2021-10-27 23:59:59.999
2021-10-28,58413.44000000,60575.89000000,61056.35301000,2021-10-28 23:59:59.999
2021-10-29,60575.90000000,62253.71000000,43973.90414000,2021-10-29 23:59:59.999
2021-10-30,62253.70000000,61859.19000000,31478.12566000,2021-10-30 23:59:59.999
2021-10-31,61859.19000000,61299.80000000,39267.63794000,2021-10-31 23:59:59.999
2021-11-01,61299.81000000,60911.11000000,44687.66672000,2021-11-01 23:59:59.999
2021-11-02,60911.12000000,63219.99000000,46368.28410000,2021-11-02 23:59:59.999
2021-11-03,63220.57000000,62896.48000000,43336.09049000,2021-11-03 23:59:59.999
2021-11-04,62896.49000000,61395.01000000,35930.93314000,2021-11-04 23:59:59.999
2021-11-05,61395.01000000,60937.12000000,31604.48749000,2021-11-05 23:59:59.999
2021-11-06,60940.18000000,61470.61000000,25590.57408000,2021-11-06 23:59:59.999
2021-11-07,61470.62000000,63273.59000000,25515.68830000,2021-11-07 23:59:59.999
2021-11-08,63273.58000000,67525.83000000,54442.09455400,2021-11-08 23:59:59.999
2021-11-09,67525.82000000,66947.66000000,44661.37806800,2021-11-09 23:59:59.999
2021-11-10,66947.67000000,64882.43000000,65171.50404600,2021-11-10 23:59:59.999
2021-11-11,64882.42000000,64774.26000000,37237.98058000,2021-11-11 23:59:59.999
2021-11-12,64774.25000000,64122.23000000,44490.10816000,2021-11-12 23:59:59.999
2021-11-13,64122.22000000,64380.00000000,22504.97383000,2021-11-13 23:59:59.999
2021-11-14,64380.01000000,65519.10000000,25705.07347000,2021-11-14 23:59:59.999
2021-11-15,65519.11000000,63606.74000000,37829.37124000,2021-11-15 23:59:59.999
2021-11-16,63606.73000000,60058.87000000,77455.15609000,2021-11-16 23:59:59.999
2021-11-17,60058.87000000,60344.87000000,46289.38491000,2021-11-17 23:59:59.999
2021-11-18,60344.86000000,56891.62000000,62146.99931000,2021-11-18 23:59:59.999
2021-11-19,56891.62000000,58052.24000000,50715.88726000,2021-11-19 23:59:59.999
2021-11-20,58057.10000000,59707.51000000,33811.59010000,2021-11-20 23:59:59.999
2021-11-21,59707.52000000,58622.02000000,31902.22785000,2021-11-21 23:59:59.999
2021-11-22,58617.70000000,56247.18000000,51724.32047000,2021-11-22 23:59:59.999
2021-11-23,56243.83000000,57541.27000000,49917.85017000,2021-11-23 23:59:59.999
2021-11-24,57541.26000000,57138.29000000,39612.04964000,2021-11-24 23:59:59.999
2021-11-25,57138.29000000,58960.36000000,42153.51522000,2021-11-25 23:59:59.999
2021-11-26,58960.37000000,53726.53000000,65927.87066000,2021-11-26 23:59:59.999
2021-11-27,53723.72000000,54721.03000000,29716.99957000,2021-11-27 23:59:59.999
2021-11-28,54716.47000000,57274.88000000,36163.71370000,2021-11-28 23:59:59.999
2021-11-29,57274.89000000,57776.25000000,40125.28009000,2021-11-29 23:59:59.999
2021-11-30,57776.25000000,56950.56000000,49161.05194000,2021-11-30 23:59:59.999
2021-12-01,56950.56000000,57184.07000000,44956.63656000,2021-12-01 23:59:59.999
2021-12-02,57184.07000000,56480.34000000,37574.05976000,2021-12-02 23:59:59.999
2021-12-03,56484.26000000,53601.05000000,58927.69027000,2021-12-03 23:59:59.999
2021-12-04,53601.05000000,49152.47000000,114203.37374800,2021-12-04 23:59:59.999
2021-12-05,49152.46000000,49396.33000000,45580.82012000,2021-12-05 23:59:59.999
2021-12-06,49396.32000000,50441.92000000,58571.21575000,2021-12-06 23:59:59.999
2021-12-07,50441.91000000,50588.95000000,38253.46877000,2021-12-07 23:59:59.999
2021-12-08,50588.95000000,50471.19000000,38425.92466000,2021-12-08 23:59:59.999
2021-12-09,50471.19000000,47545.59000000,37692.68665000,2021-12-09 23:59:59.999
2021-12-10,47535.90000000,47140.54000000,44233.57391000,2021-12-10 23:59:59.999
2021-12-11,47140.54000000,49389.99000000,28889.19358000,2021-12-11 23:59:59.999
2021-12-12,49389.99000000,50053.90000000,26017.93421000,2021-12-12 23:59:59.999
2021-12-13,50053.90000000,46702.75000000,50869.52093000,2021-12-13 23:59:59.999
2021-12-14,46702.76000000,48343.28000000,39955.98445000,2021-12-14 23:59:59.999
2021-12-15,48336.95000000,48864.98000000,51629.18100000,2021-12-15 23:59:59.999
2021-12-16,48864.98000000,47632.38000000,31949.86739000,2021-12-16 23:59:59.999
2021-12-17,47632.38000000,46131.20000000,43104.48870000,2021-12-17 23:59:59.999
2021-12-18,46133.83000000,46834.48000000,25020.05271000,2021-12-18 23:59:59.999
2021-12-19,46834.47000000,46681.23000000,29305.70665000,2021-12-19 23:59:59.999
2021-12-20,46681.24000000,46914.16000000,35848.50609000,2021-12-20 23:59:59.999
2021-12-21,46914.17000000,48889.88000000,37713.92924000,2021-12-21 23:59:59.999
2021-12-22,48887.59000000,48588.16000000,27004.20220000,2021-12-22 23:59:59.999
2021-12-23,48588.17000000,50838.81000000,35192.54046000,2021-12-23 23:59:59.999
2021-12-24,50838.82000000,50820.00000000,31684.84269000,2021-12-24 23:59:59.999
2021-12-25,50819.99000000,50399.66000000,19135.51613000,2021-12-25 23:59:59.999
2021-12-26,50399.67000000,50775.49000000,22569.88914000,2021-12-26 23:59:59.999
2021-12-27,50775.48000000,50701.44000000,28792.21566000,2021-12-27 23:59:59.999
2021-12-28,50701.44000000,47543.74000000,45853.33924000,2021-12-28 23:59:59.999
2021-12-29,47543.74000000,46464.66000000,39498.87000000,2021-12-29 23:59:59.999
2021-12-30,46464.66000000,47120.87000000,30352.29569000,2021-12-30 23:59:59.999
2021-12-31,47120.88000000,46216.93000000,34937.99796000,2021-12-31 23:59:59.999
2022-01-01,46216.93000000,47722.65000000,19604.46325000,2022-01-01 23:59:59.999
2022-01-02,47722.66000000,47286.18000000,18340.46040000,2022-01-02 23:59:59.999
2022-01-03,47286.18000000,46446.10000000,27662.07710000,2022-01-03 23:59:59.999
2022-01-04,46446.10000000,45832.01000000,35491.41360000,2022-01-04 23:59:59.999
2022-01-05,45832.01000000,43451.13000000,51784.11857000,2022-01-05 23:59:59.999
2022-01-06,43451.14000000,43082.31000000,38880.37305000,2022-01-06 23:59:59.999
2022-01-07,43082.30000000,41566.48000000,54836.50818000,2022-01-07 23:59:59.999
2022-01-08,41566.48000000,41679.74000000,32952.73111000,2022-01-08 23:59:59.999
2022-01-09,41679.74000000,41864.62000000,22724.39426000,2022-01-09 23:59:59.999
2022-01-10,41864.62000000,41822.49000000,50729.17019000,2022-01-10 23:59:59.999
2022-01-11,41822.49000000,42729.29000000,37296.43729000,2022-01-11 23:59:59.999
2022-01-12,42729.29000000,43902.66000000,33943.29280000,2022-01-12 23:59:59.999
2022-01-13,43902.65000000,42560.11000000,34910.87762000,2022-01-13 23:59:59.999
2022-01-14,42558.35000000,43059.96000000,32640.88292000,2022-01-14 23:59:59.999
2022-01-15,43059.96000000,43084.29000000,21936.05616000,2022-01-15 23:59:59.999
2022-01-16,43084.29000000,43071.66000000,20602.35271000,2022-01-16 23:59:59.999
2022-01-17,43071.66000000,42201.62000000,27562.08613000,2022-01-17 23:59:59.999
2022-01-18,42201.63000000,42352.12000000,29324.08257000,2022-01-18 23:59:59.999
2022-01-19,42352.12000000,41660.01000000,31685.72159000,2022-01-19 23:59:59.999
2022-01-20,41660.00000000,40680.91000000,42330.33953000,2022-01-20 23:59:59.999
2022-01-21,40680.92000000,36445.31000000,88860.89199900,2022-01-21 23:59:59.999
2022-01-22,36445.31000000,35071.42000000,90471.33896100,2022-01-22 23:59:59.999
2022-01-23,35071.42000000,36244.55000000,44279.52354000,2022-01-23 23:59:59.999
2022-01-24,36244.55000000,36660.35000000,91904.75321100,2022-01-24 23:59:59.999
2022-01-25,36660.35000000,36958.32000000,49232.40183000,2022-01-25 23:59:59.999
2022-01-26,36958.32000000,36809.34000000,69830.16036000,2022-01-26 23:59:59.999
2022-01-27,36807.24000000,37160.10000000,53020.87934000,2022-01-27 23:59:59.999
2022-01-28,37160.11000000,37716.56000000,42154.26956000,2022-01-28 23:59:59.999
2022-01-29,37716.57000000,38166.84000000,26129.49682000,2022-01-29 23:59:59.999
2022-01-30,38166.83000000,37881.76000000,21430.66527000,2022-01-30 23:59:59.999
2022-01-31,37881.75000000,38466.90000000,36855.24580000,2022-01-31 23:59:59.999
2022-02-01,38466.90000000,38694.59000000,34574.44663000,2022-02-01 23:59:59.999
2022-02-02,38694.59000000,36896.36000000,35794.68130000,2022-02-02 23:59:59.999
2022-02-03,36896.37000000,37311.61000000,32081.10999000,2022-02-03 23:59:59.999
2022-02-04,37311.98000000,41574.25000000,64703.95874000,2022-02-04 23:59:59.999
2022-02-05,41571.70000000,41382.59000000,32532.34372000,2022-02-05 23:59:59.999
2022-02-06,41382.60000000,42380.87000000,22405.16704000,2022-02-06 23:59:59.999
2022-02-07,42380.87000000,43839.99000000,51060.62006000,2022-02-07 23:59:59.999
2022-02-08,43839.99000000,44042.99000000,64880.29387000,2022-02-08 23:59:59.999
2022-02-09,44043.00000000,44372.72000000,34428.16729000,2022-02-09 23:59:59.999
2022-02-10,44372.71000000,43495.44000000,62357.29091000,2022-02-10 23:59:59.999
2022-02-11,43495.44000000,42373.73000000,44975.16870000,2022-02-11 23:59:59.999
2022-02-12,42373.73000000,42217.87000000,26556.85681000,2022-02-12 23:59:59.999
2022-02-13,42217.87000000,42053.66000000,17732.08113000,2022-02-13 23:59:59.999
2022-02-14,42053.65000000,42535.94000000,34010.13060000,2022-02-14 23:59:59.999
2022-02-15,42535.94000000,44544.86000000,38095.19576000,2022-02-15 23:59:59.999
2022-02-16,44544.85000000,43873.56000000,28471.87270000,2022-02-16 23:59:59.999
2022-02-17,43873.56000000,40515.70000000,47245.99494000,2022-02-17 23:59:59.999
2022-02-18,40515.71000000,39974.44000000,43845.92241000,2022-02-18 23:59:59.999
2022-02-19,39974.45000000,40079.17000000,18042.05510000,2022-02-19 23:59:59.999
2022-02-20,40079.17000000,38386.89000000,33439.29011000,2022-02-20 23:59:59.999
2022-02-21,38386.89000000,37008.16000000,62347.68496000,2022-02-21 23:59:59.999
2022-02-22,37008.16000000,38230.33000000,53785.94589000,2022-02-22 23:59:59.999
2022-02-23,38230.33000000,37250.01000000,43560.73200000,2022-02-23 23:59:59.999
2022-02-24,37250.02000000,38327.21000000,120476.29458000,2022-02-24 23:59:59.999
2022-02-25,38328.68000000,39219.17000000,56574.57125000,2022-02-25 23:59:59.999
2022-02-26,39219.16000000,39116.72000000,29361.25680000,2022-02-26 23:59:59.999
2022-02-27,39116.73000000,37699.07000000,46229.44719000,2022-02-27 23:59:59.999
2022-02-28,37699.08000000,43160.00000000,73945.63858000,2022-02-28 23:59:59.999
2022-03-01,43160.00000000,44421.20000000,61743.09873000,2022-03-01 23:59:59.999
2022-03-02,44421.20000000,43892.98000000,57782.65081000,2022-03-02 23:59:59.999
2022-03-03,43892.99000000,42454.00000000,50940.61021000,2022-03-03 23:59:59.999
2022-03-04,42454.00000000,39148.66000000,61964.68498000,2022-03-04 23:59:59.999
2022-03-05,39148.65000000,39397.96000000,30363.13341000,2022-03-05 23:59:59.999
2022-03-06,39397.97000000,38420.81000000,39677.26158000,2022-03-06 23:59:59.999
2022-03-07,38420.80000000,37988.00000000,63994.11559000,2022-03-07 23:59:59.999
2022-03-08,37988.01000000,38730.63000000,55583.06638000,2022-03-08 23:59:59.999
2022-03-09,38730.63000000,41941.71000000,67392.58799000,2022-03-09 23:59:59.999
2022-03-10,41941.70000000,39422.00000000,71962.93154000,2022-03-10 23:59:59.999
2022-03-11,39422.01000000,38729.57000000,59018.76420000,2022-03-11 23:59:59.999
2022-03-12,38729.57000000,38807.36000000,24034.36432000,2022-03-12 23:59:59.999
2022-03-13,38807.35000000,37777.34000000,32791.82359000,2022-03-13 23:59:59.999
2022-03-14,37777.35000000,39671.37000000,46945.45375000,2022-03-14 23:59:59.999
2022-03-15,39671.37000000,39280.33000000,46015.54926000,2022-03-15 23:59:59.999
2022-03-16,39280.33000000,41114.00000000,88120.76167000,2022-03-16 23:59:59.999
2022-03-17,41114.01000000,40917.90000000,37189.38087000,2022-03-17 23:59:59.999
2022-03-18,40917.89000000,41757.51000000,45408.00969000,2022-03-18 23:59:59.999
2022-03-19,41757.51000000,42201.13000000,29067.18108000,2022-03-19 23:59:59.999
2022-03-20,42201.13000000,41262.11000000,30653.33468000,2022-03-20 23:59:59.999
2022-03-21,41262.11000000,41002.25000000,39426.24877000,2022-03-21 23:59:59.999
2022-03-22,41002.26000000,42364.13000000,59454.94294000,2022-03-22 23:59:59.999
2022-03-23,42364.13000000,42882.76000000,40828.87039000,2022-03-23 23:59:59.999
2022-03-24,42882.76000000,43991.46000000,56195.12374000,2022-03-24 23:59:59.999
2022-03-25,43991.46000000,44313.16000000,54614.43648000,2022-03-25 23:59:59.999
2022-03-26,44313.16000000,44511.27000000,23041.61741000,2022-03-26 23:59:59.999
2022-03-27,44511.27000000,46827.76000000,41874.91071000,2022-03-27 23:59:59.999
2022-03-28,46827.76000000,47122.21000000,58949.26140000,2022-03-28 23:59:59.999
2022-03-29,47122.21000000,47434.80000000,36772.28457000,2022-03-29 23:59:59.999
2022-03-30,47434.79000000,47067.99000000,40947.20850000,2022-03-30 23:59:59.999
2022-03-31,47067.99000000,45510.34000000,48645.12667000,2022-03-31 23:59:59.999
2022-04-01,45510.35000000,46283.49000000,56271.06474000,2022-04-01 23:59:59.999
2022-04-02,46283.49000000,45811.00000000,37073.53582000,2022-04-02 23:59:59.999
2022-04-03,45810.99000000,46407.35000000,33394.67794000,2022-04-03 23:59:59.999
2022-04-04,46407.36000000,46580.51000000,44641.87514000,2022-04-04 23:59:59.999
2022-04-05,46580.50000000,45497.55000000,42192.74852000,2022-04-05 23:59:59.999
2022-04-06,45497.54000000,43170.47000000,60849.32936000,2022-04-06 23:59:59.999
2022-04-07,43170.47000000,43444.19000000,37396.54156000,2022-04-07 23:59:59.999
2022-04-08,43444.20000000,42252.01000000,42375.04203000,2022-04-08 23:59:59.999
2022-04-09,42252.02000000,42753.97000000,17891.66047000,2022-04-09 23:59:59.999
2022-04-10,42753.96000000,42158.85000000,22771.09403000,2022-04-10 23:59:59.999
2022-04-11,42158.85000000,39530.45000000,63560.44721000,2022-04-11 23:59:59.999
2022-04-12,39530.45000000,40074.94000000,57751.01778000,2022-04-12 23:59:59.999
2022-04-13,40074.95000000,41147.79000000,41342.27254000,2022-04-13 23:59:59.999
2022-04-14,41147.78000000,39942.38000000,36807.01401000,2022-04-14 23:59:59.999
2022-04-15,39942.37000000,40551.90000000,24026.35739000,2022-04-15 23:59:59.999
2022-04-16,40551.90000000,40378.71000000,15805.44718000,2022-04-16 23:59:59.999
2022-04-17,40378.70000000,39678.12000000,19988.49259000,2022-04-17 23:59:59.999
2022-04-18,39678.11000000,40801.13000000,54243.49575000,2022-04-18 23:59:59.999
2022-04-19,40801.13000000,41493.18000000,35788.85843000,2022-04-19 23:59:59.999
2022-04-20,41493.19000000,41358.19000000,40877.35041000,2022-04-20 23:59:59.999
2022-04-21,41358.19000000,40480.01000000,59316.27657000,2022-04-21 23:59:59.999
2022-04-22,40480.01000000,39709.18000000,46664.01960000,2022-04-22 23:59:59.999
2022-04-23,39709.19000000,39441.60000000,20291.42375000,2022-04-23 23:59:59.999
2022-04-24,39441.61000000,39450.13000000,26703.61186000,2022-04-24 23:59:59.999
2022-04-25,39450.12000000,40426.08000000,63037.12784000,2022-04-25 23:59:59.999
2022-04-26,40426.08000000,38112.65000000,66650.25800000,2022-04-26 23:59:59.999
2022-04-27,38112.64000000,39235.72000000,57083.12272000,2022-04-27 23:59:59.999
2022-04-28,39235.72000000,39742.07000000,56086.67150000,2022-04-28 23:59:59.999
2022-04-29,39742.06000000,38596.11000000,51453.65715000,2022-04-29 23:59:59.999
2022-04-30,38596.11000000,37630.80000000,35321.18989000,2022-04-30 23:59:59.999
2022-05-01,37630.80000000,38468.35000000,38812.24104000,2022-05-01 23:59:59.999
2022-05-02,38468.35000000,38525.16000000,53200.92628000,2022-05-02 23:59:59.999
2022-05-03,38525.16000000,37728.95000000,40316.45358000,2022-05-03 23:59:59.999
2022-05-04,37728.95000000,39690.00000000,62574.61736000,2022-05-04 23:59:59.999
2022-05-05,39690.00000000,36552.97000000,88722.43355000,2022-05-05 23:59:59.999
2022-05-06,36552.97000000,36013.77000000,68437.80187000,2022-05-06 23:59:59.999
2022-05-07,36013.77000000,35472.39000000,34281.70682000,2022-05-07 23:59:59.999
2022-05-08,35472.40000000,34038.40000000,72445.64344000,2022-05-08 23:59:59.999
2022-05-09,34038.39000000,30076.31000000,191876.92642800,2022-05-09 23:59:59.999
2022-05-10,30074.23000000,31017.10000000,165532.00311000,2022-05-10 23:59:59.999
2022-05-11,31017.11000000,29103.94000000,207063.73927800,2022-05-11 23:59:59.999
2022-05-12,29103.94000000,29029.75000000,204507.26313800,2022-05-12 23:59:59.999
2022-05-13,29029.74000000,29287.05000000,97872.36957000,2022-05-13 23:59:59.999
2022-05-14,29287.05000000,30086.74000000,51095.87863000,2022-05-14 23:59:59.999
2022-05-15,30086.74000000,31328.89000000,46275.66912000,2022-05-15 23:59:59.999
2022-05-16,31328.89000000,29874.01000000,73082.19658000,2022-05-16 23:59:59.999
2022-05-17,29874.01000000,30444.93000000,56724.13307000,2022-05-17 23:59:59.999
2022-05-18,30444.93000000,28715.32000000,59749.15799000,2022-05-18 23:59:59.999
2022-05-19,28715.33000000,30319.23000000,67877.36415000,2022-05-19 23:59:59.999
2022-05-20,30319.22000000,29201.01000000,60517.25325000,2022-05-20 23:59:59.999
2022-05-21,29201.01000000,29445.06000000,20987.13124000,2022-05-21 23:59:59.999
2022-05-22,29445.07000000,30293.94000000,36158.98748000,2022-05-22 23:59:59.999
2022-05-23,30293.93000000,29109.15000000,63901.49932000,2022-05-23 23:59:59.999
2022-05-24,29109.14000000,29654.58000000,59442.96036000,2022-05-24 23:59:59.999
2022-05-25,29654.58000000,29542.15000000,59537.38659000,2022-05-25 23:59:59.999
2022-05-26,29542.14000000,29201.35000000,94581.65463000,2022-05-26 23:59:59.999
2022-05-27,29201.35000000,28629.80000000,90998.52010000,2022-05-27 23:59:59.999
2022-05-28,28629.81000000,29031.33000000,34479.35127000,2022-05-28 23:59:59.999
2022-05-29,29031.33000000,29468.10000000,27567.34764000,2022-05-29 23:59:59.999
2022-05-30,29468.10000000,31734.22000000,96785.94760000,2022-05-30 23:59:59.999
2022-05-31,31734.23000000,31801.04000000,62433.11632000,2022-05-31 23:59:59.999
2022-06-01,31801.05000000,29805.83000000,103395.63382000,2022-06-01 23:59:59.999
2022-06-02,29805.84000000,30452.62000000,56961.42928000,2022-06-02 23:59:59.999
2022-06-03,30452.63000000,29700.21000000,54067.44727000,2022-06-03 23:59:59.999
2022-06-04,29700.21000000,29864.04000000,25617.90113000,2022-06-04 23:59:59.999
2022-06-05,29864.03000000,29919.21000000,23139.92810000,2022-06-05 23:59:59.999
2022-06-06,29919.20000000,31373.10000000,68836.92456000,2022-06-06 23:59:59.999
2022-06-07,31373.10000000,31125.33000000,110674.51658000,2022-06-07 23:59:59.999
2022-06-08,31125.32000000,30204.77000000,68542.61276000,2022-06-08 23:59:59.999
2022-06-09,30204.77000000,30109.93000000,46291.18650000,2022-06-09 23:59:59.999
2022-06-10,30109.93000000,29091.88000000,76204.24980000,2022-06-10 23:59:59.999
2022-06-11,29091.87000000,28424.70000000,65901.39895000,2022-06-11 23:59:59.999
2022-06-12,28424.71000000,26574.53000000,92474.59880900,2022-06-12 23:59:59.999
2022-06-13,26574.53000000,22487.41000000,254611.03496600,2022-06-13 23:59:59.999
2022-06-14,22485.27000000,22136.41000000,187201.64671000,2022-06-14 23:59:59.999
2022-06-15,22136.42000000,22583.72000000,200774.49346700,2022-06-15 23:59:59.999
2022-06-16,22583.72000000,20401.31000000,99673.59429000,2022-06-16 23:59:59.999
2022-06-17,20400.60000000,20468.81000000,86694.33663000,2022-06-17 23:59:59.999
2022-06-18,20468.81000000,18970.79000000,196441.65552400,2022-06-18 23:59:59.999
2022-06-19,18970.79000000,20574.00000000,128320.87595000,2022-06-19 23:59:59.999
2022-06-20,20574.00000000,20573.89000000,109028.94154000,2022-06-20 23:59:59.999
2022-06-21,20573.90000000,20723.52000000,104371.07490000,2022-06-21 23:59:59.999
2022-06-22,20723.51000000,19987.99000000,92133.97938000,2022-06-22 23:59:59.999
2022-06-23,19988.00000000,21110.13000000,83127.08716000,2022-06-23 23:59:59.999
2022-06-24,21110.12000000,21237.69000000,77430.36622000,2022-06-24 23:59:59.999
2022-06-25,21237.68000000,21491.19000000,51431.67794000,2022-06-25 23:59:59.999
2022-06-26,21491.18000000,21038.07000000,53278.10464000,2022-06-26 23:59:59.999
2022-06-27,21038.08000000,20742.56000000,64475.00130000,2022-06-27 23:59:59.999
2022-06-28,20742.57000000,20281.29000000,63801.08320000,2022-06-28 23:59:59.999
2022-06-29,20281.28000000,20123.01000000,77309.04379000,2022-06-29 23:59:59.999
2022-06-30,20123.00000000,19942.21000000,93846.64806000,2022-06-30 23:59:59.999
2022-07-01,19942.21000000,19279.80000000,111844.59494000,2022-07-01 23:59:59.999
2022-07-02,19279.80000000,19252.81000000,46180.30210000,2022-07-02 23:59:59.999
2022-07-03,19252.82000000,19315.83000000,51087.46631000,2022-07-03 23:59:59.999
2022-07-04,19315.83000000,20236.71000000,74814.04601000,2022-07-04 23:59:59.999
2022-07-05,20236.71000000,20175.83000000,96041.13756000,2022-07-05 23:59:59.999
2022-07-06,20175.84000000,20564.51000000,82439.58080000,2022-07-06 23:59:59.999
2022-07-07,20564.51000000,21624.98000000,85014.58261000,2022-07-07 23:59:59.999
2022-07-08,21624.99000000,21594.75000000,403081.57349000,2022-07-08 23:59:59.999
2022-07-09,21594.75000000,21591.83000000,178417.84468000,2022-07-09 23:59:59.999
2022-07-10,21592.15000000,20862.47000000,192188.21556000,2022-07-10 23:59:59.999
2022-07-11,20861.11000000,19963.61000000,137535.40724000,2022-07-11 23:59:59.999
2022-07-12,19963.61000000,19328.75000000,139506.45862000,2022-07-12 23:59:59.999
2022-07-13,19331.28000000,20234.87000000,209250.24888000,2022-07-13 23:59:59.999
2022-07-14,20234.87000000,20588.84000000,174809.21696000,2022-07-14 23:59:59.999
2022-07-15,20588.84000000,20830.04000000,143343.30490000,2022-07-15 23:59:59.999
2022-07-16,20830.04000000,21195.60000000,121011.67393000,2022-07-16 23:59:59.999
2022-07-17,21195.60000000,20798.16000000,118229.45250000,2022-07-17 23:59:59.999
2022-07-18,20799.58000000,22432.58000000,239942.73132000,2022-07-18 23:59:59.999
2022-07-19,22432.58000000,23396.62000000,263770.76574000,2022-07-19 23:59:59.999
2022-07-20,23398.48000000,23223.30000000,238762.17094000,2022-07-20 23:59:59.999
2022-07-21,23223.30000000,23152.19000000,184817.68191000,2022-07-21 23:59:59.999
2022-07-22,23152.19000000,22684.83000000,171598.43966000,2022-07-22 23:59:59.999
2022-07-23,22684.83000000,22451.07000000,122137.77375000,2022-07-23 23:59:59.999
2022-07-24,22448.58000000,22579.68000000,115189.67277000,2022-07-24 23:59:59.999
2022-07-25,22577.13000000,21310.90000000,180344.76643000,2022-07-25 23:59:59.999
2022-07-26,21310.90000000,21254.67000000,177817.24326000,2022-07-26 23:59:59.999
2022-07-27,21254.67000000,22952.45000000,210971.19796000,2022-07-27 23:59:59.999
2022-07-28,22954.31000000,23842.93000000,236029.07410000,2022-07-28 23:59:59.999
2022-07-29,23845.25000000,23773.75000000,198298.50623000,2022-07-29 23:59:59.999
2022-07-30,23777.28000000,23643.51000000,151060.13211000,2022-07-30 23:59:59.999
2022-07-31,23644.64000000,23293.32000000,127743.32483000,2022-07-31 23:59:59.999
2022-08-01,23296.36000000,23268.01000000,144210.16219000,2022-08-01 23:59:59.999
2022-08-02,23266.90000000,22987.79000000,158073.28225000,2022-08-02 23:59:59.999
2022-08-03,22985.93000000,22818.37000000,145948.80995000,2022-08-03 23:59:59.999
2022-08-04,22816.91000000,22622.98000000,154854.67016000,2022-08-04 23:59:59.999
2022-08-05,22622.41000000,23312.42000000,175251.69749000,2022-08-05 23:59:59.999
2022-08-06,23313.56000000,22954.21000000,83911.80307000,2022-08-06 23:59:59.999
2022-08-07,22954.21000000,23174.39000000,88890.00877000,2022-08-07 23:59:59.999
2022-08-08,23174.39000000,23810.00000000,170958.44152000,2022-08-08 23:59:59.999
2022-08-09,23810.98000000,23149.95000000,143182.50858000,2022-08-09 23:59:59.999
2022-08-10,23151.32000000,23954.05000000,208916.54953000,2022-08-10 23:59:59.999
2022-08-11,23954.05000000,23934.39000000,249759.79557000,2022-08-11 23:59:59.999
2022-08-12,23933.09000000,24403.68000000,174207.57040000,2022-08-12 23:59:59.999
2022-08-13,24401.70000000,24441.38000000,152852.25435000,2022-08-13 23:59:59.999
2022-08-14,24443.06000000,24305.24000000,151206.14473000,2022-08-14 23:59:59.999
2022-08-15,24305.25000000,24094.82000000,242539.54758000,2022-08-15 23:59:59.999
2022-08-16,24093.04000000,23854.74000000,179324.94821000,2022-08-16 23:59:59.999
2022-08-17,23856.15000000,23342.66000000,210668.68766000,2022-08-17 23:59:59.999
2022-08-18,23342.66000000,23191.20000000,144185.97011000,2022-08-18 23:59:59.999
2022-08-19,23191.45000000,20834.39000000,283995.87747000,2022-08-19 23:59:59.999
2022-08-20,20834.39000000,21140.07000000,183041.68363000,2022-08-20 23:59:59.999
2022-08-21,21140.07000000,21515.61000000,159200.68410000,2022-08-21 23:59:59.999
2022-08-22,21516.70000000,21399.83000000,222222.04526000,2022-08-22 23:59:59.999
2022-08-23,21400.75000000,21529.12000000,200967.77164000,2022-08-23 23:59:59.999
2022-08-24,21529.11000000,21368.08000000,174383.22046000,2022-08-24 23:59:59.999
2022-08-25,21368.05000000,21559.04000000,169915.78301000,2022-08-25 23:59:59.999
2022-08-26,21559.04000000,20241.05000000,273811.61955000,2022-08-26 23:59:59.999
2022-08-27,20239.14000000,20037.60000000,162582.46032000,2022-08-27 23:59:59.999
2022-08-28,20037.60000000,19555.61000000,139307.95976000,2022-08-28 23:59:59.999
2022-08-29,19555.61000000,20285.73000000,210509.49545000,2022-08-29 23:59:59.999
2022-08-30,20287.20000000,19811.66000000,256634.35529000,2022-08-30 23:59:59.999
2022-08-31,19813.03000000,20050.02000000,276946.60765000,2022-08-31 23:59:59.999
2022-09-01,20048.44000000,20131.46000000,245289.97263000,2022-09-01 23:59:59.999
2022-09-02,20132.64000000,19951.86000000,245986.60330000,2022-09-02 23:59:59.999
2022-09-03,19950.98000000,19831.90000000,146639.03204000,2022-09-03 23:59:59.999
2022-09-04,19832.45000000,20000.30000000,145588.77893000,2022-09-04 23:59:59.999
2022-09-05,20000.30000000,19796.84000000,222543.01057000,2022-09-05 23:59:59.999
2022-09-06,19795.34000000,18790.61000000,356315.05718000,2022-09-06 23:59:59.999
2022-09-07,18790.61000000,19292.84000000,287394.77880000,2022-09-07 23:59:59.999
2022-09-08,19292.85000000,19319.77000000,262813.28273000,2022-09-08 23:59:59.999
2022-09-09,19320.54000000,21360.11000000,428919.74652000,2022-09-09 23:59:59.999
2022-09-10,21361.62000000,21648.34000000,307997.33504000,2022-09-10 23:59:59.999
2022-09-11,21647.21000000,21826.87000000,280702.55149000,2022-09-11 23:59:59.999
2022-09-12,21826.87000000,22395.74000000,395395.61828000,2022-09-12 23:59:59.999
2022-09-13,22395.44000000,20173.57000000,431915.03333000,2022-09-13 23:59:59.999
2022-09-14,20173.62000000,20226.71000000,340826.40151000,2022-09-14 23:59:59.999
2022-09-15,20227.17000000,19701.88000000,333069.76076000,2022-09-15 23:59:59.999
2022-09-16,19701.88000000,19803.30000000,283791.07064000,2022-09-16 23:59:59.999
2022-09-17,19803.30000000,20113.62000000,179350.24338000,2022-09-17 23:59:59.999
2022-09-18,20112.61000000,19416.18000000,254217.46904000,2022-09-18 23:59:59.999
2022-09-19,19417.45000000,19537.02000000,380512.40306000,2022-09-19 23:59:59.999
2022-09-20,19537.02000000,18875.00000000,324098.32860000,2022-09-20 23:59:59.999
2022-09-21,18874.31000000,18461.36000000,385034.10021000,2022-09-21 23:59:59.999
2022-09-22,18461.36000000,19401.63000000,379321.72111000,2022-09-22 23:59:59.999
2022-09-23,19401.63000000,19289.91000000,385886.91829000,2022-09-23 23:59:59.999
2022-09-24,19288.57000000,18920.50000000,239496.56746000,2022-09-24 23:59:59.999
2022-09-25,18921.99000000,18807.38000000,191191.44920000,2022-09-25 23:59:59.999
2022-09-26,18809.13000000,19227.82000000,439239.21943000,2022-09-26 23:59:59.999
2022-09-27,19226.68000000,19079.13000000,593260.74161000,2022-09-27 23:59:59.999
2022-09-28,19078.10000000,19412.82000000,521385.45547000,2022-09-28 23:59:59.999
2022-09-29,19412.82000000,19591.51000000,406424.93256000,2022-09-29 23:59:59.999
2022-09-30,19590.54000000,19422.61000000,444322.95340000,2022-09-30 23:59:59.999
2022-10-01,19422.61000000,19310.95000000,165625.13959000,2022-10-01 23:59:59.999
2022-10-02,19312.24000000,19056.80000000,206812.47032000,2022-10-02 23:59:59.999
2022-10-03,19057.74000000,19629.08000000,293585.75212000,2022-10-03 23:59:59.999
2022-10-04,19629.08000000,20337.82000000,327012.00127000,2022-10-04 23:59:59.999
2022-10-05,20337.82000000,20158.26000000,312239.75224000,2022-10-05 23:59:59.999
2022-10-06,20158.26000000,19960.67000000,320122.17020000,2022-10-06 23:59:59.999
2022-10-07,19960.67000000,19530.09000000,220874.83913000,2022-10-07 23:59:59.999
2022-10-08,19530.09000000,19417.96000000,102480.09842000,2022-10-08 23:59:59.999
2022-10-09,19416.52000000,19439.02000000,113900.82681000,2022-10-09 23:59:59.999
2022-10-10,19439.96000000,19131.87000000,212509.09849000,2022-10-10 23:59:59.999
2022-10-11,19131.87000000,19060.00000000,243473.84286000,2022-10-11 23:59:59.999
2022-10-12,19060.00000000,19155.53000000,213826.26731000,2022-10-12 23:59:59.999
2022-10-13,19155.10000000,19375.13000000,399756.68337000,2022-10-13 23:59:59.999
2022-10-14,19375.58000000,19176.93000000,351634.32601000,2022-10-14 23:59:59.999
2022-10-15,19176.93000000,19069.39000000,113847.64232000,2022-10-15 23:59:59.999
2022-10-16,19068.40000000,19262.98000000,131894.61885000,2022-10-16 23:59:59.999
2022-10-17,19262.98000000,19549.86000000,222813.87634000,2022-10-17 23:59:59.999
2022-10-18,19548.48000000,19327.44000000,260313.07848000,2022-10-18 23:59:59.999
2022-10-19,19327.44000000,19123.97000000,186137.29538000,2022-10-19 23:59:59.999
2022-10-20,19123.35000000,19041.92000000,223530.13068000,2022-10-20 23:59:59.999
2022-10-21,19041.92000000,19164.37000000,269310.75769000,2022-10-21 23:59:59.999
2022-10-22,19164.37000000,19204.35000000,110403.90837000,2022-10-22 23:59:59.999
2022-10-23,19204.29000000,19570.40000000,167057.20184000,2022-10-23 23:59:59.999
2022-10-24,19570.40000000,19329.72000000,256168.14467000,2022-10-24 23:59:59.999
2022-10-25,19330.60000000,20080.07000000,326370.67061000,2022-10-25 23:59:59.999
2022-10-26,20079.02000000,20771.59000000,380492.69576000,2022-10-26 23:59:59.999
2022-10-27,20771.61000000,20295.11000000,328643.57791000,2022-10-27 23:59:59.999
2022-10-28,20295.11000000,20591.84000000,287039.94569000,2022-10-28 23:59:59.999
2022-10-29,20591.84000000,20809.67000000,254881.77755000,2022-10-29 23:59:59.999
2022-10-30,20809.68000000,20627.48000000,192795.60886000,2022-10-30 23:59:59.999
2022-10-31,20627.48000000,20490.74000000,303567.61628000,2022-10-31 23:59:59.999
2022-11-01,20490.74000000,20483.62000000,279932.43771000,2022-11-01 23:59:59.999
2022-11-02,20482.81000000,20151.84000000,373716.27299000,2022-11-02 23:59:59.999
2022-11-03,20151.84000000,20207.82000000,319185.15440000,2022-11-03 23:59:59.999
2022-11-04,20207.12000000,21148.52000000,453694.39165000,2022-11-04 23:59:59.999
2022-11-05,21148.52000000,21299.37000000,245621.98525000,2022-11-05 23:59:59.999
2022-11-06,21299.37000000,20905.58000000,230036.97217000,2022-11-06 23:59:59.999
2022-11-07,20905.58000000,20591.13000000,386977.60337000,2022-11-07 23:59:59.999
2022-11-08,20590.67000000,18547.23000000,760705.36278300,2022-11-08 23:59:59.999
2022-11-09,18545.38000000,15922.81000000,731926.92972900,2022-11-09 23:59:59.999
2022-11-10,15922.68000000,17601.15000000,608448.36432000,2022-11-10 23:59:59.999
2022-11-11,17602.45000000,17070.31000000,393552.86492000,2022-11-11 23:59:59.999
2022-11-12,17069.98000000,16812.08000000,167819.96035000,2022-11-12 23:59:59.999
2022-11-13,16813.16000000,16329.85000000,184960.78846000,2022-11-13 23:59:59.999
2022-11-14,16331.78000000,16619.46000000,380210.77750000,2022-11-14 23:59:59.999
2022-11-15,16617.72000000,16900.57000000,282461.84391000,2022-11-15 23:59:59.999
2022-11-16,16900.57000000,16662.76000000,261493.40809000,2022-11-16 23:59:59.999
2022-11-17,16661.61000000,16692.56000000,228038.97873000,2022-11-17 23:59:59.999
2022-11-18,16692.56000000,16700.45000000,214224.18184000,2022-11-18 23:59:59.999
2022-11-19,16699.43000000,16700.68000000,104963.15558000,2022-11-19 23:59:59.999
2022-11-20,16700.68000000,16280.23000000,154842.13478000,2022-11-20 23:59:59.999
2022-11-21,16279.50000000,15781.29000000,324096.99775300,2022-11-21 23:59:59.999
2022-11-22,15781.29000000,16226.94000000,239548.06623000,2022-11-22 23:59:59.999
2022-11-23,16227.96000000,16603.11000000,264927.70408000,2022-11-23 23:59:59.999
2022-11-24,16603.11000000,16598.95000000,206565.92346000,2022-11-24 23:59:59.999
2022-11-25,16599.55000000,16522.14000000,182089.49533000,2022-11-25 23:59:59.999
2022-11-26,16521.35000000,16458.57000000,181804.81666000,2022-11-26 23:59:59.999
2022-11-27,16457.61000000,16428.78000000,162025.47607000,2022-11-27 23:59:59.999
2022-11-28,16428.77000000,16212.91000000,252695.40367000,2022-11-28 23:59:59.999
2022-11-29,16212.18000000,16442.53000000,248106.25009000,2022-11-29 23:59:59.999
2022-11-30,16442.91000000,17163.64000000,303019.80719000,2022-11-30 23:59:59.999
2022-12-01,17165.53000000,16977.37000000,232818.18218000,2022-12-01 23:59:59.999
2022-12-02,16978.00000000,17092.74000000,202372.20620000,2022-12-02 23:59:59.999
2022-12-03,17092.13000000,16885.20000000,154542.57306000,2022-12-03 23:59:59.999
2022-12-04,16885.20000000,17105.70000000,178619.13387000,2022-12-04 23:59:59.999
2022-12-05,17106.65000000,16966.35000000,233703.29225000,2022-12-05 23:59:59.999
2022-12-06,16966.35000000,17088.96000000,218730.76883000,2022-12-06 23:59:59.999
2022-12-07,17088.96000000,16836.64000000,220657.41334000,2022-12-07 23:59:59.999
2022-12-08,16836.64000000,17224.10000000,236417.97804000,2022-12-08 23:59:59.999
2022-12-09,17224.10000000,17128.56000000,238422.06465000,2022-12-09 23:59:59.999
2022-12-10,17128.56000000,17127.49000000,140573.97937000,2022-12-10 23:59:59.999
2022-12-11,17127.49000000,17085.05000000,155286.47871000,2022-12-11 23:59:59.999
2022-12-12,17085.05000000,17209.83000000,226227.49694000,2022-12-12 23:59:59.999
2022-12-13,17208.93000000,17774.70000000,284462.91390000,2022-12-13 23:59:59.999
2022-12-14,17775.82000000,17803.15000000,266681.22209000,2022-12-14 23:59:59.999
2022-12-15,17804.01000000,17356.34000000,223701.96882000,2022-12-15 23:59:59.999
2022-12-16,17356.96000000,16632.12000000,253379.04116000,2022-12-16 23:59:59.999
2022-12-17,16631.50000000,16776.52000000,144825.66684000,2022-12-17 23:59:59.999
2022-12-18,16777.54000000,16738.21000000,112619.31646000,2022-12-18 23:59:59.999
2022-12-19,16739.00000000,16438.88000000,179094.28305000,2022-12-19 23:59:59.999
2022-12-20,16438.88000000,16895.56000000,248808.92324000,2022-12-20 23:59:59.999
2022-12-21,16896.15000000,16824.67000000,156810.96362000,2022-12-21 23:59:59.999
2022-12-22,16824.68000000,16821.43000000,176044.27235000,2022-12-22 23:59:59.999
2022-12-23,16821.90000000,16778.50000000,161612.00947000,2022-12-23 23:59:59.999
2022-12-24,16778.52000000,16836.12000000,100224.29096000,2022-12-24 23:59:59.999
2022-12-25,16835.73000000,16832.11000000,125441.07202000,2022-12-25 23:59:59.999
2022-12-26,16832.11000000,16919.39000000,124564.00656000,2022-12-26 23:59:59.999
2022-12-27,16919.39000000,16706.36000000,173749.58616000,2022-12-27 23:59:59.999
2022-12-28,16706.06000000,16547.31000000,193037.56577000,2022-12-28 23:59:59.999
2022-12-29,16547.32000000,16633.47000000,160998.47158000,2022-12-29 23:59:59.999
2022-12-30,16633.47000000,16607.48000000,164916.31174000,2022-12-30 23:59:59.999
2022-12-31,16607.48000000,16542.40000000,114490.42864000,2022-12-31 23:59:59.999
2023-01-01,16541.77000000,16616.75000000,96925.41374000,2023-01-01 23:59:59.999
2023-01-02,16617.17000000,16672.87000000,121888.57191000,2023-01-02 23:59:59.999
2023-01-03,16672.78000000,16675.18000000,159541.53733000,2023-01-03 23:59:59.999
2023-01-04,16675.65000000,16850.36000000,220362.18862000,2023-01-04 23:59:59.999
2023-01-05,16850.36000000,16831.85000000,163473.56641000,2023-01-05 23:59:59.999
2023-01-06,16831.85000000,16950.65000000,207401.28415000,2023-01-06 23:59:59.999
2023-01-07,16950.31000000,16943.57000000,104526.56880000,2023-01-07 23:59:59.999
2023-01-08,16943.83000000,17127.83000000,135155.89695000,2023-01-08 23:59:59.999
2023-01-09,17127.83000000,17178.26000000,266211.52723000,2023-01-09 23:59:59.999
2023-01-10,17179.04000000,17440.66000000,221382.42581000,2023-01-10 23:59:59.999
2023-01-11,17440.64000000,17943.26000000,262221.60653000,2023-01-11 23:59:59.999
2023-01-12,17943.26000000,18846.62000000,454568.32178000,2023-01-12 23:59:59.999
2023-01-13,18846.62000000,19930.01000000,368615.87823000,2023-01-13 23:59:59.999
2023-01-14,19930.01000000,20954.92000000,393913.74951000,2023-01-14 23:59:59.999
2023-01-15,20952.76000000,20871.50000000,178542.22549000,2023-01-15 23:59:59.999
2023-01-16,20872.99000000,21185.65000000,293078.08262000,2023-01-16 23:59:59.999
2023-01-17,21185.65000000,21134.81000000,275407.74409000,2023-01-17 23:59:59.999
2023-01-18,21132.29000000,20677.47000000,350916.01949000,2023-01-18 23:59:59.999
2023-01-19,20677.47000000,21071.59000000,251385.84925000,2023-01-19 23:59:59.999
2023-01-20,21071.59000000,22667.21000000,338079.13659000,2023-01-20 23:59:59.999
2023-01-21,22666.00000000,22783.55000000,346445.48432000,2023-01-21 23:59:59.999
2023-01-22,22783.35000000,22707.88000000,253577.75286000,2023-01-22 23:59:59.999
2023-01-23,22706.02000000,22916.45000000,293588.37938000,2023-01-23 23:59:59.999
2023-01-24,22917.81000000,22632.89000000,293158.78254000,2023-01-24 23:59:59.999
2023-01-25,22631.94000000,23060.94000000,346042.83223000,2023-01-25 23:59:59.999
2023-01-26,23060.42000000,23009.65000000,288924.43581000,2023-01-26 23:59:59.999
2023-01-27,23009.65000000,23074.16000000,280833.86315000,2023-01-27 23:59:59.999
2023-01-28,23074.16000000,23022.60000000,148115.71085000,2023-01-28 23:59:59.999
2023-01-29,23021.40000000,23742.30000000,295688.79204000,2023-01-29 23:59:59.999
2023-01-30,23743.37000000,22826.15000000,302405.90121000,2023-01-30 23:59:59.999
2023-01-31,22827.38000000,23125.13000000,264649.34909000,2023-01-31 23:59:59.999
2023-02-01,23125.13000000,23732.66000000,310790.42271000,2023-02-01 23:59:59.999
2023-02-02,23731.41000000,23488.94000000,364177.20751000,2023-02-02 23:59:59.999
2023-02-03,23489.33000000,23431.90000000,332571.02904000,2023-02-03 23:59:59.999
2023-02-04,23431.90000000,23326.84000000,166126.47295000,2023-02-04 23:59:59.999
2023-02-05,23327.66000000,22932.91000000,209251.33917000,2023-02-05 23:59:59.999
2023-02-06,22932.91000000,22762.52000000,265371.60690000,2023-02-06 23:59:59.999
2023-02-07,22762.52000000,23240.46000000,308006.72482000,2023-02-07 23:59:59.999
2023-02-08,23242.42000000,22963.00000000,280056.30717000,2023-02-08 23:59:59.999
2023-02-09,22961.85000000,21796.35000000,402894.69550000,2023-02-09 23:59:59.999
2023-02-10,21797.83000000,21625.19000000,338591.94247000,2023-02-10 23:59:59.999
2023-02-11,21625.19000000,21862.55000000,177021.58433000,2023-02-11 23:59:59.999
2023-02-12,21862.02000000,21783.54000000,204435.65163000,2023-02-12 23:59:59.999
2023-02-13,21782.37000000,21773.97000000,295730.76791000,2023-02-13 23:59:59.999
2023-02-14,21774.63000000,22199.84000000,361958.40109000,2023-02-14 23:59:59.999
2023-02-15,22199.84000000,24324.05000000,375669.16111000,2023-02-15 23:59:59.999
2023-02-16,24322.87000000,23517.72000000,450080.68366000,2023-02-16 23:59:59.999
2023-02-17,23517.72000000,24569.97000000,496813.21376000,2023-02-17 23:59:59.999
2023-02-18,24568.24000000,24631.95000000,216917.25213000,2023-02-18 23:59:59.999
2023-02-19,24632.05000000,24271.76000000,300395.99542000,2023-02-19 23:59:59.999
2023-02-20,24272.51000000,24842.20000000,346938.56997000,2023-02-20 23:59:59.999
2023-02-21,24843.89000000,24452.16000000,376000.82868000,2023-02-21 23:59:59.999
2023-02-22,24450.67000000,24182.21000000,379425.75365000,2023-02-22 23:59:59.999
2023-02-23,24182.21000000,23940.20000000,398400.45437000,2023-02-23 23:59:59.999
2023-02-24,23940.20000000,23185.29000000,343582.57453000,2023-02-24 23:59:59.999
2023-02-25,23184.04000000,23157.07000000,191311.81010000,2023-02-25 23:59:59.999
2023-02-26,23157.07000000,23554.85000000,202323.73623000,2023-02-26 23:59:59.999
2023-02-27,23554.85000000,23492.09000000,283706.08590000,2023-02-27 23:59:59.999
2023-02-28,23492.09000000,23141.57000000,264140.99894000,2023-02-28 23:59:59.999
2023-03-01,23141.57000000,23628.97000000,315287.41737000,2023-03-01 23:59:59.999
2023-03-02,23629.76000000,23251.50000000,181657.20082000,2023-03-02 23:59:59.999
